conceptType,conceptUri,skillType,reuseLevel,preferredLabel,status,altLabels,description,broaderConceptUri,broaderConceptPT
KnowledgeSkillCompetence,http://data.europa.eu/esco/skill/001115fb-569f-4ee6-8381-c6807ef2527f,skill/competence,transversal,wykazywać inicjatywę,released,,"Mieć postawę proaktywną i podejmować pierwszy krok w działaniu, nie czekając na to, co powiedzą lub zrobią inni.
  ",http://data.europa.eu/esco/skill/91860993-1a8b-4473-91f3-600aa1924bd0,przyjmować proaktywne podejście
KnowledgeSkillCompetence,http://data.europa.eu/esco/skill/0171653e-c8e9-4c24-bb86-a4b6fe038f25,skill/competence,transversal,przyjmować sposoby wspierania różnorodności biologicznej i dobrostanu zwierząt,released,,"Angażować się w zachowania pomagające utrzymać stabilne ekosystemy i przeciwdziałać masowemu wymieraniu gatunków, na przykład przez dokonywanie świadomych wyborów żywieniowych, które wspierają ekologiczną produkcję żywności i dobrostan zwierząt.
  ",http://data.europa.eu/esco/skill/80cf002a-6586-4db7-9c9a-88325a9a5e1b,stosować umiejętności i kompetencje związane ze środowiskiem
KnowledgeSkillCompetence,http://data.europa.eu/esco/skill/045f71e6-0699-4169-8a54-9c6b96f3174d,skill/competence,transversal,doradzać innym,released,udzielać porad innym,"Proponować najlepsze sposoby działania.
  ",http://data.europa.eu/esco/skill/82463bb1-85d1-4e99-a4ce-08508fc3b2a3,wspierać innych
KnowledgeSkillCompetence,http://data.europa.eu/esco/skill/05aa7c09-46e7-433f-a81b-92841f4551e7,skill/competence,transversal,przyjmować krytykę i wskazówki,released,,"Radzić sobie z negatywnymi informacjami zwrotnymi od innych i reagować w sposób otwarty na krytykę, próbując zidentyfikować potencjalne obszary do poprawy.
  ",http://data.europa.eu/esco/skill/f5c9eef3-0495-4747-9519-d71a58d252bd,wykazywać gotowość uczenia się
KnowledgeSkillCompetence,http://data.europa.eu/esco/skill/0b709c64-a57a-4976-86bd-34d2cf34fa4f,skill/competence,transversal,"stosować wiedzę z zakresu filozofii, etyki i religii",released,,"Odkrywać i rozwijać indywidualną perspektywę dotyczącą własnych ról, znaczenia i celu, w tym tego, co to znaczy żyć, umrzeć i być człowiekiem.
  ",http://data.europa.eu/esco/skill/44ff6716-7d71-4a16-821b-61d10e9e290d,stosować wiedzę ogólną
KnowledgeSkillCompetence,http://data.europa.eu/esco/skill/0d75a128-bd88-4c1b-b70d-8e963aeb490c,skill/competence,transversal,przyjmować sposoby na ograniczenie zanieczyszczenia,released,,"Stosować środki mające na celu zmniejszenie zanieczyszczenia powietrza, zanieczyszczenia hałasem, zanieczyszczenia świetlnego oraz zanieczyszczenia wody lub środowiska, na przykład przez korzystanie z transportu publicznego, niepozostawianie odpadów w środowisku naturalnym oraz zmniejszenie niepotrzebnej emisji światła i hałasu, szczególnie w nocy.
  ",http://data.europa.eu/esco/skill/80cf002a-6586-4db7-9c9a-88325a9a5e1b,stosować umiejętności i kompetencje związane ze środowiskiem
KnowledgeSkillCompetence,http://data.europa.eu/esco/skill/113b4428-0a31-4199-8496-070af7854b91,skill/competence,transversal,dotrzymywać zobowiązań,released,,"Wykonywanie swoich zadań w sposób zdyscyplinowany, rzetelny i zorientowany na cele.",http://data.europa.eu/esco/skill/14c41899-0224-4cbc-bd8c-e946ada2da87,pracować w wydajny sposób
KnowledgeSkillCompetence,http://data.europa.eu/esco/skill/13b4a3d2-abdf-4442-8e52-d7464a58ecbc,skill/competence,transversal,dostosowywać się do wymagań fizycznych,released,,"Wykazywać zdolność do wytrzymywania dużego obciążenia fizycznego w pracy lub sporcie. Obejmuje to klęczenie, stanie lub bieganie przez długi czas lub pracę w trudnych warunkach meteorologicznych, takich jak duże upały, zimno i deszcz.
  ",http://data.europa.eu/esco/skill/e52389a2-1a05-45b0-8db3-4bda0f0c0b48,reagować na okoliczności fizyczne
KnowledgeSkillCompetence,http://data.europa.eu/esco/skill/199f7919-5114-41b6-b6a5-41e0e4896ec1,skill/competence,transversal,przyjmować odpowiedzialność,released,,"Przyjmować odpowiedzialność za własne decyzje i działania zawodowe lub te, które zostały powierzone innym, oraz rozliczać się z tych decyzji.
  ",http://data.europa.eu/esco/skill/91860993-1a8b-4473-91f3-600aa1924bd0,przyjmować proaktywne podejście
KnowledgeSkillCompetence,http://data.europa.eu/esco/skill/19a64e91-bfe3-4c48-9225-3bb1229b12f0,skill/competence,transversal,wykazywać determinację,released,,"Wykazywać zaangażowanie w robienie czegoś, co jest trudne i wymaga ciężkiej pracy. Demonstrować ogromny wysiłek motywowany zainteresowaniami lub entuzjazmem związanym z wykonywaną pracą i przy braku nacisków zewnętrznych.
  ",http://data.europa.eu/esco/skill/91860993-1a8b-4473-91f3-600aa1924bd0,przyjmować proaktywne podejście
KnowledgeSkillCompetence,http://data.europa.eu/esco/skill/19ba11f3-9c99-41fd-a7c9-f77e6a026186,skill/competence,transversal,wykonywać obliczenia,released,,"Rozwiązywać problemy matematyczne, aby osiągnąć cele związane z pracą.
  ",http://data.europa.eu/esco/skill/edc72cfe-78a8-4531-b00f-92992a0bb8cb,pracować z liczbami i miarami
KnowledgeSkillCompetence,http://data.europa.eu/esco/skill/1d1fedcb-4995-44ac-90f5-f31a157ce512,skill/competence,transversal,radzić sobie z frustracją,released,zarządzać poziomem frustracji,"Zachowywać spokój i odnieść się w konstruktywny sposób do własnego gniewu lub gniewu innych osób, a także w obliczu przeszkód lub skarg.",http://data.europa.eu/esco/skill/2b2c3254-7f6c-47e2-84f1-aece946fbfae,utrzymywać pozytywne podejście
KnowledgeSkillCompetence,http://data.europa.eu/esco/skill/1dabb413-18e8-48ed-a963-44978e67ad32,skill/competence,transversal,obliczać prawdopodobieństwo,released,,"Przewidywać prawdopodobieństwo wystąpienia określonych rezultatów na podstawie obliczeń lub doświadczenia.
  ",http://data.europa.eu/esco/skill/edc72cfe-78a8-4531-b00f-92992a0bb8cb,pracować z liczbami i miarami
KnowledgeSkillCompetence,http://data.europa.eu/esco/skill/1ddc021d-d818-4731-904f-842d7491f419,skill/competence,transversal,zarządzać zasobami finansowymi i materialnymi,released,,"Podejmować skuteczne planowanie finansowe, korzystać z kredytów, oszczędności, inwestycji i emerytur w celu osiągnięcia krótko- i długoterminowych celów, korzystać z porad i usług doradztwa finansowego z krytycznym nastawieniem, porównywać oferty przy nabywaniu produktów lub usług oraz aktywnie dokonywać wyboru odpowiednich produktów ubezpieczeniowych.
  ",http://data.europa.eu/esco/skill/6c6957bf-cf1f-4483-9c7e-1655f251b01a,wykorzystywać umiejętności i kompetencje w zakresie przedsiębiorczości i finansów
KnowledgeSkillCompetence,http://data.europa.eu/esco/skill/1fce1197-3a5b-45b7-8797-575cd3b57a01,skill/competence,transversal,wykazywać zaangażowanie,released,,"Wykazywać gotowość do natychmiastowego podejmowania zadań, nawet jeśli są one trudne lub niewygodne.
  ",http://data.europa.eu/esco/skill/91860993-1a8b-4473-91f3-600aa1924bd0,przyjmować proaktywne podejście
KnowledgeSkillCompetence,http://data.europa.eu/esco/skill/20012caa-b63c-4cb9-b2b8-01a1cfdfc1d1,skill/competence,transversal,myśleć szybko,released,,"Potrafić szybko i precyzyjnie uchwycić i przetworzyć najważniejsze aspekty faktów i ich powiązań.
  ",http://data.europa.eu/esco/skill/fff1d675-c36a-4c12-9cd4-407f21ccd06a,"przetwarzać informacje, idee i koncepcje"
KnowledgeSkillCompetence,http://data.europa.eu/esco/skill/2aaad52d-599e-4e77-a681-bbc236825821,skill/competence,transversal,oceniać wpływ osobistych zachowań na środowisko,released,,"Przyjmować w codziennym życiu postawę zorientowaną na zrównoważony rozwój i zastanawiać się nad swoim własnym podejściem do ekologii oraz nad wpływem własnych zachowań na środowisko.
  ",http://data.europa.eu/esco/skill/80cf002a-6586-4db7-9c9a-88325a9a5e1b,stosować umiejętności i kompetencje związane ze środowiskiem
KnowledgeSkillCompetence,http://data.europa.eu/esco/skill/35ebe444-9ece-4fbc-a55d-e99ea37267ae,skill/competence,transversal,zarządzać jakością,released,,"Dążyć do doskonałości procesów, produktów i działań w miejscu pracy.",http://data.europa.eu/esco/skill/14c41899-0224-4cbc-bd8c-e946ada2da87,pracować w wydajny sposób
KnowledgeSkillCompetence,http://data.europa.eu/esco/skill/409a0245-0e6c-4aac-ba16-0920ecb76a8d,skill/competence,transversal,mieć zdolność autorefleksji,released,,"Skutecznie, regularnie i systematycznie rozważać własne działania, wyniki i postawy oraz dokonywać koniecznych korekt, szukając możliwości rozwoju zawodowego w celu uzupełnienia wiedzy i przećwiczenia luk w określonych obszarach. Oceniać wpływ własnego rozwoju zawodowego.
	",http://data.europa.eu/esco/skill/f5c9eef3-0495-4747-9519-d71a58d252bd,wykazywać gotowość uczenia się
KnowledgeSkillCompetence,http://data.europa.eu/esco/skill/429062f1-a958-43ea-83dd-4e1af078c156,skill/competence,transversal,cechować się ciekawością,released,,"Okazywać żywe zainteresowanie nowością, otwartość na doświadczenia, wyszukiwać fascynujące tematy, aktywnie badać i odkrywać nowe obszary.",http://data.europa.eu/esco/skill/f5c9eef3-0495-4747-9519-d71a58d252bd,wykazywać gotowość uczenia się
KnowledgeSkillCompetence,http://data.europa.eu/esco/skill/468135b7-5757-48c3-9509-fde0e13ec5be,skill/competence,transversal,zarządzać rozwojem osobistym,released,,"Odpowiadać za własne umiejętności i kompetencje oraz oferować je na rynku pracy, aby rozwijać się w życiu zawodowym i prywatnym.
  ",http://data.europa.eu/esco/skill/91860993-1a8b-4473-91f3-600aa1924bd0,przyjmować proaktywne podejście
KnowledgeSkillCompetence,http://data.europa.eu/esco/skill/469748ce-051a-407e-9099-0c9415ac2705,skill/competence,transversal,podchodzić pozytywnie do wyzwań,released,,"Przyjmować pozytywne nastawienie i konstruktywne podejścia w obliczu wyzwań.
  ",http://data.europa.eu/esco/skill/2b2c3254-7f6c-47e2-84f1-aece946fbfae,utrzymywać pozytywne podejście
KnowledgeSkillCompetence,http://data.europa.eu/esco/skill/4707da90-9cfc-46ca-8de0-38a0b7bfb137,skill/competence,transversal,myśleć analitycznie,released,myślenie logiczne | myślenie analityczne | myśleć logicznie | wskazywać silne i mocne strony,"Tworzyć myśli przy użyciu logiki i rozumowania, aby zidentyfikować mocne i słabe strony alternatywnych rozwiązań, wniosków lub podejść do problemów.",http://data.europa.eu/esco/skill/fff1d675-c36a-4c12-9cd4-407f21ccd06a,"przetwarzać informacje, idee i koncepcje"
KnowledgeSkillCompetence,http://data.europa.eu/esco/skill/49de9958-2aa4-4eef-a89d-fe5d5bcd28c4,skill/competence,transversal,dostosowywać się do zmian,released,,"Zmieniać swoje nastawienie lub zachowanie, aby dostosowywać się do zmian w miejscu pracy.",http://data.europa.eu/esco/skill/f5c9eef3-0495-4747-9519-d71a58d252bd,wykazywać gotowość uczenia się
KnowledgeSkillCompetence,http://data.europa.eu/esco/skill/4c3ab565-747c-4db3-8c47-79e8d6f98cf4,skill/competence,transversal,poznawać sposoby na zmniejszenie negatywnego wpływu konsumpcji,released,przestrzegaj harmonogramów odbioru odpadów do recyklingu | zmniejszyć zużycie wody lub energii | stosować przyjazne dla środowiska praktyki pracy | zmniejszyć zużycie energii | unikaj plastiku | zminimalizować produkcję odpadów w gospodarstwach domowych | ponowne wykorzystanie materiałów | ponowne wykorzystanie produktów | unikaj przedmiotów jednorazowego użytku | udostępniać zasoby fizyczne | praktykuj minimalistyczny styl życia,"Stosować zasady, polityki i przepisy mające na celu zrównoważenie środowiskowe, w tym ograniczać odpady i zużycie energii i wody, ponownie wykorzystywać produkty i oddawać produkty do recyklingu oraz angażować się w budowanie gospodarki dzielenia się.
  ",http://data.europa.eu/esco/skill/80cf002a-6586-4db7-9c9a-88325a9a5e1b,stosować umiejętności i kompetencje związane ze środowiskiem
KnowledgeSkillCompetence,http://data.europa.eu/esco/skill/4c772721-9280-49cb-9988-b6ea3d36b06d,skill/competence,transversal,utrzymywać dobre samopoczucie psychiczne,released,,"Być w stanie zapobiegać zagrożeniom dla dobrostanu psychicznego, np. podczas korzystania z technologii cyfrowych, w tym utrzymywać zdrową równowagę między życiem zawodowym, prywatnym i nauką.
  ",http://data.europa.eu/esco/skill/3d54fec5-d9cb-45a0-bf8d-ffaf3790a5bb,wykorzystywać umiejętności i kompetencje związane ze zdrowiem
KnowledgeSkillCompetence,http://data.europa.eu/esco/skill/4cde32b5-fc2f-4257-a8b9-5b15a67ee3e5,skill/competence,transversal,chronić zdrowie innych,released,,"Zapobiegać uszkodzeniom ciała i wspierać powrót do zdrowia członków rodziny, podopiecznych i współobywateli, w tym odpowiednio reagować w razie wypadków, np. udzielać pierwszej pomocy.
  ",http://data.europa.eu/esco/skill/3d54fec5-d9cb-45a0-bf8d-ffaf3790a5bb,wykorzystywać umiejętności i kompetencje związane ze zdrowiem
KnowledgeSkillCompetence,http://data.europa.eu/esco/skill/5b46f572-7ced-4efd-b270-a81a164d521c,skill/competence,transversal,występować w roli moderatora dyskusji,released,,"Stosować techniki i metody moderacji w celu prowadzenia dyskusji pomiędzy dwoma osobami lub większą liczbą osób, w tym podczas warsztatów, konferencji lub wydarzeń online. Dbać o poprawność i uprzejmość debaty.
  ",http://data.europa.eu/esco/skill/6f142deb-03a9-4cd7-94ce-e0f023ae2169,komunikować się
KnowledgeSkillCompetence,http://data.europa.eu/esco/skill/5c3ab99d-a3f1-4620-9602-d12d2151a03d,skill/competence,transversal,"stosować wiedzę z zakresu nauki, technologii i inżynierii",released,,"Rozwijać i stosować wiedzę na temat świata fizycznego i rządzących nim zasad, na przykład przez dokonywanie rozsądnych przewidywań przyczynowo-skutkowych, opracowywanie testów tych przewidywań i przeprowadzanie pomiarów przy użyciu odpowiednich jednostek, narzędzi i urządzeń.
  ",http://data.europa.eu/esco/skill/44ff6716-7d71-4a16-821b-61d10e9e290d,stosować wiedzę ogólną
KnowledgeSkillCompetence,http://data.europa.eu/esco/skill/5c526c52-4f0a-4647-8c51-c91568acebb1,skill/competence,transversal,przetwarzać informacje przestrzenne,released,,"Potrafić wyobrazić sobie położenie i relacje obiektów w przestrzeni trójwymiarowej, rozwijając dobre wyczucie proporcji.
  ",http://data.europa.eu/esco/skill/edc72cfe-78a8-4531-b00f-92992a0bb8cb,pracować z liczbami i miarami
KnowledgeSkillCompetence,http://data.europa.eu/esco/skill/5ca953f7-541d-4f67-bc55-7721348366cf,skill/competence,transversal,szanować różnorodność wartości i norm kulturowych,released,,"Mieć kompetencje międzykulturowe i okazywać szacunek dla własnych wartości i norm kulturowych. Wykazywać tolerancję i uznanie dla różnych wartości i norm, które są wyznawane przez różnych ludzi i w różnych kulturach i które rozwinęły się w różnych okolicznościach lub w różnym czasie i miejscu.
  ",http://data.europa.eu/esco/skill/d6e97b91-b75d-45f5-8566-667798957b0f,stosować umiejętności i kompetencje obywatelskie
KnowledgeSkillCompetence,http://data.europa.eu/esco/skill/5cd1930c-278d-4929-b413-27352f5b3687,skill/competence,transversal,radzić sobie z niepewnością,released,,"Tolerować niepewność i podejmować konstruktywne działania w nieoczekiwanych i nieprzewidywalnych sytuacjach.
  ",http://data.europa.eu/esco/skill/2b2c3254-7f6c-47e2-84f1-aece946fbfae,utrzymywać pozytywne podejście
KnowledgeSkillCompetence,http://data.europa.eu/esco/skill/609a8ac1-9d29-4237-9886-596dbbe7ca8a,skill/competence,transversal,zwracać się do słuchaczy,released,,"Przemawiać w sposób uporządkowany, celowy i osobisty do grupy słuchaczy, aby informować ich, wywierać na nich wpływ lub bawić ich.
  ",http://data.europa.eu/esco/skill/6f142deb-03a9-4cd7-94ce-e0f023ae2169,komunikować się
KnowledgeSkillCompetence,http://data.europa.eu/esco/skill/60c78287-22eb-4103-9c8c-28deaa460da0,skill/competence,transversal,pracować w zespole,released,,"Swobodnie pracować w grupie, w której każda osoba wykonuje zadania na korzyść grupy.",http://data.europa.eu/esco/skill/036afa6e-cdde-4b38-a53a-8e7910a840e1,współpracować w zespołach i sieciach
KnowledgeSkillCompetence,http://data.europa.eu/esco/skill/669b75d8-671c-4a1c-8e0b-6466c513c27d,skill/competence,transversal,wykazywać się pewnością siebie,released,,"Wykazywać się stopniem dojrzałości poprzez pełne zrozumienie własnych cech i umiejętności, które mogą służyć jako źródła pewności siebie w różnych sytuacjach.",http://data.europa.eu/esco/skill/2b2c3254-7f6c-47e2-84f1-aece946fbfae,utrzymywać pozytywne podejście
KnowledgeSkillCompetence,http://data.europa.eu/esco/skill/699e7c26-6502-4e78-a823-3656ff5a5b8b,skill/competence,transversal,instruować inne osoby,released,,"Prowadzić lub nauczać innych, zapewniając odpowiednią wiedzę i wsparcie.",http://data.europa.eu/esco/skill/82463bb1-85d1-4e99-a4ce-08508fc3b2a3,wspierać innych
KnowledgeSkillCompetence,http://data.europa.eu/esco/skill/6b2f8802-0cbf-436e-a37f-ca55ede41bbc,skill/competence,transversal,obsługiwać sprzęt komputerowy,released,,"Korzystać ze sprzętu, takiego jak monitor, mysz, klawiatura, pamięć masowa, drukarki, skanery itp. do wykonywania takich operacji, jak podłączanie, uruchamianie, wyłączanie, restartowanie, zapisywanie plików i inne operacje.
  ",http://data.europa.eu/esco/skill/3399045f-8078-4066-8b46-475b49b260ab,pracować z urządzeniami i aplikacjami cyfrowymi
KnowledgeSkillCompetence,http://data.europa.eu/esco/skill/6b305973-8993-475f-bd8a-daf037c61401,skill/competence,transversal,"organizować informacje, przedmioty i zasoby",released,,"Rozumieć swoje zadania oraz procesy, które się z nimi wiążą. Organizować informacje, przedmioty i zasoby przy użyciu systematycznych metod i zgodnie z podanymi standardami oraz sprawiać, że dane zadanie zostanie zrealizowane.
  ",http://data.europa.eu/esco/skill/66fdc34c-2326-4baa-b8ff-7a1d1015fe3a,planować i organizować
KnowledgeSkillCompetence,http://data.europa.eu/esco/skill/6fc6f757-6baa-49fe-9a82-6ba6a52f2e13,skill/competence,transversal,interpretować informacje matematyczne,released,,"Wykazywać się zrozumieniem terminów i pojęć matematycznych oraz stosować podstawowe zasady i procesy matematyczne do interpretacji danych i faktów.
  ",http://data.europa.eu/esco/skill/edc72cfe-78a8-4531-b00f-92992a0bb8cb,pracować z liczbami i miarami
KnowledgeSkillCompetence,http://data.europa.eu/esco/skill/72d1fa5d-1b7f-48e7-84e3-6e779841ddf1,skill/competence,transversal,wykazywać się lojalnością,released,,"Demonstrować wewnętrzne przywiązanie do grupy lub organizacji, w tym przez podzielanie i reprezentowanie ich wartości.
  ",http://data.europa.eu/esco/skill/925af2b5-2f4d-4cce-92cc-79e1ff887c7d,kierować się kodeksem etycznego postępowania
KnowledgeSkillCompetence,http://data.europa.eu/esco/skill/75d8e5d9-bef3-418b-9011-01bff9f27207,skill/competence,transversal,przewodzić innym osobom,released,,"Prowadzić, szkolić i ukierunkowywać innych z myślą o osiągnięciu wspólnego celu, obejmując przywództwo często w grupie lub zespole. Postępować, działać i zachowywać się w sposób inspirujący współpracowników do naśladowania przełożonych.
	",http://data.europa.eu/esco/skill/fe5eabaa-63f6-4c44-b405-fc3ded8d56cb,przewodzić innym osobom
KnowledgeSkillCompetence,http://data.europa.eu/esco/skill/77b636e8-fab3-41a8-8022-1e0a354059dc,skill/competence,transversal,okazywać empatię,released,,"Okazywać empatię w celu zapobiegania wszelkiego rodzaju przemocy symbolicznej i izolacji, a także w celu zagwarantowania każdemu taktownego traktowania. Powinno to obejmować zdolność rozumienia różnych komunikatów werbalnych i niewerbalnych dotyczących uczuć i wrażeń.",http://data.europa.eu/esco/skill/82463bb1-85d1-4e99-a4ce-08508fc3b2a3,wspierać innych
KnowledgeSkillCompetence,http://data.europa.eu/esco/skill/7954861c-86d4-4529-afbb-2c23dab9ac74,skill/competence,transversal,wypracowywać kompromis,released,,"Komunikować się z innymi z zamiarem osiągnięcia porozumienia lub usunięcia różnicy poglądów, stale uwzględniając własne i cudze intencje lub cele.",http://data.europa.eu/esco/skill/6f142deb-03a9-4cd7-94ce-e0f023ae2169,komunikować się
KnowledgeSkillCompetence,http://data.europa.eu/esco/skill/7a147904-22b3-498a-b4d9-7bceeb86b45d,skill/competence,transversal,radzić sobie ze stresem,released,,"Radzić sobie z wyzwaniami, zakłóceniami, zmianami, niepowodzeniami i przeciwnościami.
  ",http://data.europa.eu/esco/skill/2b2c3254-7f6c-47e2-84f1-aece946fbfae,utrzymywać pozytywne podejście
KnowledgeSkillCompetence,http://data.europa.eu/esco/skill/7a93e22f-54d8-4bf0-9213-d711f6601b49,skill/competence,transversal,pracować w wydajny sposób,released,,Osiągać cele przy minimalnych nakładach czasu lub wysiłku lub przy minimalnych kosztach.,http://data.europa.eu/esco/skill/14c41899-0224-4cbc-bd8c-e946ada2da87,pracować w wydajny sposób
KnowledgeSkillCompetence,http://data.europa.eu/esco/skill/7d9bace0-63d0-4848-ac87-350a98082c12,skill/competence,transversal,aktywnie uczestniczyć w życiu obywatelskim,released,,"Aktywnie angażować się w działania na rzecz wspólnego lub publicznego interesu, takie jak inicjatywy obywatelskie, społeczne lub sąsiedzkie, możliwości wolontariatu i działania organizacji pozarządowych.
  ",http://data.europa.eu/esco/skill/d6e97b91-b75d-45f5-8566-667798957b0f,stosować umiejętności i kompetencje obywatelskie
KnowledgeSkillCompetence,http://data.europa.eu/esco/skill/7dd94ad3-13d6-43fe-8b94-51fcbf67ced9,skill/competence,transversal,myśleć krytycznie,released,,"Wyrażać sądy i bronić ich w oparciu o wewnętrzne dowody i zewnętrzne kryteria. Krytycznie oceniać wiarygodność i rzetelność informacji przed ich wykorzystaniem lub przekazaniem innym. Rozwijać niezależne i krytyczne myślenie.
  ",http://data.europa.eu/esco/skill/fff1d675-c36a-4c12-9cd4-407f21ccd06a,"przetwarzać informacje, idee i koncepcje"
KnowledgeSkillCompetence,http://data.europa.eu/esco/skill/7f321b88-3d16-4e30-8163-5494ca8ce978,skill/competence,transversal,angażować innych w zachowania przyjazne dla środowiska,released,,"Informować o zachowaniach przyjaznych dla środowiska oraz je promować w sieciach społecznych i w pracy.
  ",http://data.europa.eu/esco/skill/80cf002a-6586-4db7-9c9a-88325a9a5e1b,stosować umiejętności i kompetencje związane ze środowiskiem
KnowledgeSkillCompetence,http://data.europa.eu/esco/skill/83e6510b-ffeb-4aec-959c-4265fd0ff7b7,skill/competence,transversal,wykazywać dbałość o szczegóły,released,,"Realizować zadania, przykładając wagę do wszystkich, nawet drobnych kwestii.",http://data.europa.eu/esco/skill/14c41899-0224-4cbc-bd8c-e946ada2da87,pracować w wydajny sposób
KnowledgeSkillCompetence,http://data.europa.eu/esco/skill/88b0c49e-7c2e-4ccc-aca3-fbd4bbc2081c,skill/competence,transversal,świadomie korzystać z systemu opieki zdrowotnej,released,,"Identyfikować i wybierać odpowiednie profilaktyczne i lecznicze służby lub agencje, które oferują usługi opieki zdrowotnej, oraz bezpiecznie zarządzać odpowiednimi lekami.
  ",http://data.europa.eu/esco/skill/3d54fec5-d9cb-45a0-bf8d-ffaf3790a5bb,wykorzystywać umiejętności i kompetencje związane ze zdrowiem
KnowledgeSkillCompetence,http://data.europa.eu/esco/skill/896a5e0c-7ac9-4e59-a9bf-17fdca6b1c37,skill/competence,transversal,promować zasady demokracji i praworządności,released,,"Odgrywać aktywną rolę w promowaniu zasad demokracji, sprawiedliwości społecznej i praworządności. Przeciwdziałać dyskryminacji ze względu na tożsamość lub orientację etniczną, kulturową lub seksualną, jak również pochodzenie społeczne, edukacyjne lub ekonomiczne, poprzez ocenę skutków wszelkich planowanych działań, w tym przepisów, polityk lub programów, dla różnych grup, a także mówienie o tych skutkach.
  ",http://data.europa.eu/esco/skill/d6e97b91-b75d-45f5-8566-667798957b0f,stosować umiejętności i kompetencje obywatelskie
KnowledgeSkillCompetence,http://data.europa.eu/esco/skill/93350886-a21b-4e61-a1b1-319a325c0f90,skill/competence,transversal,wyrażać się twórczo,released,,"Umieć wykorzystywać śpiew, taniec, muzykę instrumentalną, grę aktorską lub sztuki piękne do twórczego wyrażania siebie.
  ",http://data.europa.eu/esco/skill/6115ff80-3d84-4e87-8e2b-6ede7ee004b4,wykorzystywać umiejętności i kompetencje związane z kulturą
KnowledgeSkillCompetence,http://data.europa.eu/esco/skill/96de2e86-e287-41f2-88ab-15a2343afc6f,skill/competence,transversal,rozwiązywać konflikty,released,,"Prowadzić mediację w konfliktach i napiętych sytuacjach, działając między stronami, dążąc do zawarcia porozumienia, pojednania i rozwiązania problemów. Rozwiązywać konflikty w taki sposób, aby żadna z poszkodowanych stron nie czuła się źle potraktowana i z wyprzedzeniem unikać kłótni.
  ",http://data.europa.eu/esco/skill/6f142deb-03a9-4cd7-94ce-e0f023ae2169,komunikować się
KnowledgeSkillCompetence,http://data.europa.eu/esco/skill/98a999db-72d5-4657-a0b0-2f850afd4368,skill/competence,transversal,doceniać różnorodność form wyrazu kulturowego i artystycznego,released,,"Wykazywać wrażliwość estetyczną, zainteresowanie i otwartość na różne formy wyrazu artystycznego z różnych kręgów kulturowych.
  ",http://data.europa.eu/esco/skill/6115ff80-3d84-4e87-8e2b-6ede7ee004b4,wykorzystywać umiejętności i kompetencje związane z kulturą
KnowledgeSkillCompetence,http://data.europa.eu/esco/skill/9bf266a6-188b-4d17-a22f-2f266d76832b,skill/competence,transversal,wykazywać gotowość uczenia się,released,,"Wykazywanie pozytywnego nastawienia do nowych i ambitnych wymogów, które można zaspokoić jedynie poprzez ciągłe uczenie się.",http://data.europa.eu/esco/skill/f5c9eef3-0495-4747-9519-d71a58d252bd,wykazywać gotowość uczenia się
KnowledgeSkillCompetence,http://data.europa.eu/esco/skill/9c0f93f7-2592-4d4d-9673-fd640502345f,skill/competence,transversal,"precyzyjnie posługiwać się sprzętem, narzędziami lub technologią",released,,"Samodzielnie używać przedmiotów obrabianych, narzędzi, precyzyjnego oprzyrządowania lub sprzętu do wykonywania czynności ręcznie, po przejściu minimalnego przeszkolenia lub nie.
  ",http://data.europa.eu/esco/skill/ccb6db6a-8538-431c-b740-5f241bdb71cf,operować i sterować przedmiotami i sprzętem
KnowledgeSkillCompetence,http://data.europa.eu/esco/skill/9cfd2219-553c-4d67-81e5-951e87c65135,skill/competence,transversal,utrzymywać koncentrację przez długie okresy,released,,Utrzymywanie koncentracji w długim okresie w celu dokonywania prawidłowych osądów i podejmowania odpowiednich decyzji.,http://data.europa.eu/esco/skill/14c41899-0224-4cbc-bd8c-e946ada2da87,pracować w wydajny sposób
KnowledgeSkillCompetence,http://data.europa.eu/esco/skill/a628d2d1-f40a-4c37-a357-2801726f2996,skill/competence,transversal,identyfikować problemy,released,,"Identyfikować i wykrywać problemy i kwestie oraz podejmować decyzje o najlepszym sposobie działania. W razie potrzeby zgłaszać problemy.
  ",http://data.europa.eu/esco/skill/13d301d0-98cb-414f-a8f9-a3f059228133,rozwiązywać problemy
KnowledgeSkillCompetence,http://data.europa.eu/esco/skill/a68bdf1e-b325-4880-b456-192c2891931a,skill/competence,transversal,utrzymywać sprawność fizyczną,released,,"Przyjmować i stosować profilaktyczne zdrowe zachowania, np. regularnie ćwiczyć i utrzymywać zdrowy rytm snu i zdrową dietę.
  ",http://data.europa.eu/esco/skill/3d54fec5-d9cb-45a0-bf8d-ffaf3790a5bb,wykorzystywać umiejętności i kompetencje związane ze zdrowiem
KnowledgeSkillCompetence,http://data.europa.eu/esco/skill/adc6dc11-3376-467b-96c5-9b0a21edc869,skill/competence,transversal,rozwiązywać problemy,released,,"Znajdować rozwiązania problemów praktycznych, operacyjnych lub koncepcyjnych w szerokim zakresie kontekstów.
  ",http://data.europa.eu/esco/skill/13d301d0-98cb-414f-a8f9-a3f059228133,rozwiązywać problemy
KnowledgeSkillCompetence,http://data.europa.eu/esco/skill/b00e948c-19be-4951-8cff-60f88f1046e9,skill/competence,transversal,delegować obowiązki,released,,"Delegować obowiązki, działania i zadania innym w zależności od zdolności, stopnia przygotowania i kompetencji. Dbać, aby ludzie wiedzieli, co i kiedy powinni robić.
  ",http://data.europa.eu/esco/skill/fe5eabaa-63f6-4c44-b405-fc3ded8d56cb,przewodzić innym osobom
KnowledgeSkillCompetence,http://data.europa.eu/esco/skill/b080a008-a35d-4bd0-92e9-edf3773bb2b7,skill/competence,transversal,używać oprogramowania do komunikacji i współpracy,released,,"Wykorzystywać proste narzędzia cyfrowe i technologie do komunikacji, interakcji i współpracy z innymi.
  ",http://data.europa.eu/esco/skill/3399045f-8078-4066-8b46-475b49b260ab,pracować z urządzeniami i aplikacjami cyfrowymi
KnowledgeSkillCompetence,http://data.europa.eu/esco/skill/b19e0820-a96f-4c0a-a724-3c056180c1b3,skill/competence,transversal,budować ducha zespołu,released,,"Budować relacje wzajemnego zaufania, szacunku i współpracy pomiędzy członkami jednego zespołu.
  ",http://data.europa.eu/esco/skill/fe5eabaa-63f6-4c44-b405-fc3ded8d56cb,przewodzić innym osobom
KnowledgeSkillCompetence,http://data.europa.eu/esco/skill/b40584aa-7c63-4eed-9422-a9798fb95fdc,skill/competence,transversal,improwizować,released,,"Potrafić improwizować i reagować natychmiast i bez planowania na wcześniej nieznane sytuacje.
  ",http://data.europa.eu/esco/skill/e84d080a-ff6d-41a7-b7b9-133e97c7bf00,myśleć w sposób kreatywny i innowacyjny
KnowledgeSkillCompetence,http://data.europa.eu/esco/skill/b618584f-6bdf-4d8f-89a7-f28c2c95afc2,skill/competence,transversal,przestrzegać przepisów,released,,"Przestrzegać zasad, przepisów i wytycznych odnoszących się do konkretnej dziedziny lub sektora i je respektować oraz stosować je w codziennej pracy.
  ",http://data.europa.eu/esco/skill/925af2b5-2f4d-4cce-92cc-79e1ff887c7d,kierować się kodeksem etycznego postępowania
KnowledgeSkillCompetence,http://data.europa.eu/esco/skill/b6bdf202-524f-475d-b813-2aa9af005c37,skill/competence,transversal,przemieszczać przedmioty,released,,"Wykonywać czynności fizyczne w celu przemieszczania, ładowania, rozładowywania lub przechowywania przedmiotów lub wspinania się na konstrukcje, ręcznie lub przy pomocy sprzętu.
  ",http://data.europa.eu/esco/skill/ccb6db6a-8538-431c-b740-5f241bdb71cf,operować i sterować przedmiotami i sprzętem
KnowledgeSkillCompetence,http://data.europa.eu/esco/skill/ba93b71b-c433-4a01-8246-ed2daa85a9a2,skill/competence,transversal,wyszukiwać informacje w internecie,released,,"Wyszukiwać dane, informacje i treści za pomocą prostych wyszukiwań w środowiskach cyfrowych.
  ",http://data.europa.eu/esco/skill/3399045f-8078-4066-8b46-475b49b260ab,pracować z urządzeniami i aplikacjami cyfrowymi
KnowledgeSkillCompetence,http://data.europa.eu/esco/skill/bc0b0b5d-f6be-405a-b224-b6902a4dbe97,skill/competence,cross-sector,zarządzanie tożsamością cyfrową,released,ochrona tożsamości cyfrowej,"Tworzyć co najmniej jedną tożsamość cyfrową i zarządzać nią, chronić swoją reputację, pracować z danymi tworzonymi przez siebie przy użyciu kilku narzędzi, środowisk i usług cyfrowych.",http://data.europa.eu/esco/skill/574257ea-7b64-4100-b7b6-e27c233fe143 | http://data.europa.eu/esco/skill/3399045f-8078-4066-8b46-475b49b260ab,współpraca i komunikacja cyfrowa | pracować z urządzeniami i aplikacjami cyfrowymi
KnowledgeSkillCompetence,http://data.europa.eu/esco/skill/bcf002ce-90f8-42e5-ac1b-5dba208639b0,skill/competence,transversal,wykazywać się wiarygodnością,released,,"Wykazywać się uczciwością, rzetelnością i wiarygodnością w miejscu pracy. Okazywać lojalność wobec zespołu i organizacji oraz dowodzić, że jest się godnym zaufania.
  ",http://data.europa.eu/esco/skill/925af2b5-2f4d-4cce-92cc-79e1ff887c7d,kierować się kodeksem etycznego postępowania
KnowledgeSkillCompetence,http://data.europa.eu/esco/skill/bdcf429c-5ccf-4c3d-bb61-4c987573a35e,skill/competence,transversal,wykazywać się przedsiębiorczością,released,,"Rozwijać i organizować własną działalność gospodarczą i nią zarządzać, identyfikować i wykorzystywać możliwości oraz mobilizować zasoby, mając na uwadze perspektywę rentowności. Wykazywać się aktywną postawą i determinacją w dążeniu do osiągnięcia sukcesu w biznesie.
  ",http://data.europa.eu/esco/skill/6c6957bf-cf1f-4483-9c7e-1655f251b01a,wykorzystywać umiejętności i kompetencje w zakresie przedsiębiorczości i finansów
KnowledgeSkillCompetence,http://data.europa.eu/esco/skill/be6ab363-3de1-427f-a8ef-85d5b0250822,skill/competence,transversal,przekazywać informacje o faktach,released,,Ustnie przekazywać informacje lub relacjonować wydarzenia.,http://data.europa.eu/esco/skill/6f142deb-03a9-4cd7-94ce-e0f023ae2169,komunikować się
KnowledgeSkillCompetence,http://data.europa.eu/esco/skill/bf4d884f-c848-402a-b130-69c266b04164,skill/competence,transversal,stosować podstawowe umiejętności programistyczne,released,,"Tworzyć listy prostych instrukcji dla systemów komputerowych w celu rozwiązywania problemów lub wykonywania zadań na poziomie podstawowym i przy zastosowaniu w razie potrzeby odpowiednich wytycznych.
  ",http://data.europa.eu/esco/skill/3399045f-8078-4066-8b46-475b49b260ab,pracować z urządzeniami i aplikacjami cyfrowymi
KnowledgeSkillCompetence,http://data.europa.eu/esco/skill/bf983f2a-e941-4646-811d-cc81060cb53f,skill/competence,transversal,tworzyć sieci,released,,"Wykazywać się umiejętnością nawiązywania skutecznych relacji, budowania i utrzymywania sojuszy, kontaktów lub partnerstw oraz prowadzić wymianę informacji z innymi.
  ",http://data.europa.eu/esco/skill/036afa6e-cdde-4b38-a53a-8e7910a840e1,współpracować w zespołach i sieciach
KnowledgeSkillCompetence,http://data.europa.eu/esco/skill/c10d5d87-36cf-42f5-8a12-e560fb5f4af8,skill/competence,transversal,posiadać kompetencje międzykulturowe,released,,Rozumieć i szanować osoby związane z innymi kulturami oraz skutecznie i z szacunkiem postępować wobec nich.,http://data.europa.eu/esco/skill/036afa6e-cdde-4b38-a53a-8e7910a840e1,współpracować w zespołach i sieciach
KnowledgeSkillCompetence,http://data.europa.eu/esco/skill/c29aa9d2-4da8-4bdd-831c-8d4a2fb51730,skill/competence,transversal,pracować samodzielnie,released,,"Opracowywać własne metody działania, dbając o własną motywację przy niskim poziomie nadzoru lub bez niego oraz polegając na sobie przy wyznaczaniu i osiąganiu celów.",http://data.europa.eu/esco/skill/14c41899-0224-4cbc-bd8c-e946ada2da87,pracować w wydajny sposób
KnowledgeSkillCompetence,http://data.europa.eu/esco/skill/c2a0c52c-0b4b-4180-a918-92650ea3b458,skill/competence,transversal,myśleć w sposób innowacyjny,released,,"Opracowywać pomysły lub formułować wnioski, które prowadzą do tworzenia i wdrażania innowacji lub zmian.
  ",http://data.europa.eu/esco/skill/e84d080a-ff6d-41a7-b7b9-133e97c7bf00,myśleć w sposób kreatywny i innowacyjny
KnowledgeSkillCompetence,http://data.europa.eu/esco/skill/c4180af3-befd-4bd8-9a65-6a496f9d9f15,skill/competence,transversal,wykazywać się świadomością zagrożeń dla zdrowia,released,,"Umieć oceniać i ograniczać zagrożenia dla zdrowia osobistego, na przykład przez przestrzeganie środków ostrożności w pracy, stosowanie środków ochrony przeciwpożarowej, przestrzeganie i stosowanie zasad ergonomii oraz uwzględnianie wpływu narkotyków i alkoholu na pojedyncze osoby, rodziny i społeczności.
  ",http://data.europa.eu/esco/skill/3d54fec5-d9cb-45a0-bf8d-ffaf3790a5bb,wykorzystywać umiejętności i kompetencje związane ze zdrowiem
KnowledgeSkillCompetence,http://data.europa.eu/esco/skill/c624c6a3-b0ba-4a31-a296-0d433fe47e41,skill/competence,transversal,myśleć kreatywnie,released,,Tworzyć nowe pomysły lub łączyć istniejące w celu opracowywania innowacyjnych i nowatorskich rozwiązań.,http://data.europa.eu/esco/skill/e84d080a-ff6d-41a7-b7b9-133e97c7bf00,myśleć w sposób kreatywny i innowacyjny
KnowledgeSkillCompetence,http://data.europa.eu/esco/skill/d56e2c2f-3e01-4b76-a7bb-ecb6d430172f,skill/competence,transversal,myśleć holistycznie,released,,"Podczas planowania i podejmowania decyzji brać pod uwagę pośrednie i długoterminowe konsekwencje. Rozważać wpływ na innych ludzi, procesy i środowisko oraz uwzględniać ten wpływ w swoich planach.
  ",http://data.europa.eu/esco/skill/fff1d675-c36a-4c12-9cd4-407f21ccd06a,"przetwarzać informacje, idee i koncepcje"
KnowledgeSkillCompetence,http://data.europa.eu/esco/skill/d62d2b4c-a6f8-439e-8a1b-4f29ab5f2c47,skill/competence,transversal,podejmować decyzje,released,,Dokonać wyboru spośród kilku alternatywnych możliwości.,http://data.europa.eu/esco/skill/91860993-1a8b-4473-91f3-600aa1924bd0,przyjmować proaktywne podejście
KnowledgeSkillCompetence,http://data.europa.eu/esco/skill/d822b4b2-26c7-4bd9-970d-229c6504f615,skill/competence,transversal,tworzenie treści cyfrowych,released,,"Tworzenie i redagowanie prostych elementów treści cyfrowych, w razie potrzeby z zastosowaniem wytycznych.
  ",http://data.europa.eu/esco/skill/3399045f-8078-4066-8b46-475b49b260ab,pracować z urządzeniami i aplikacjami cyfrowymi
KnowledgeSkillCompetence,http://data.europa.eu/esco/skill/d9013e0e-e937-43d5-ab71-0e917ee882b8,skill/competence,transversal,zarządzać czasem,released,,"Planowanie sekwencji chronologicznej wydarzeń, programów i działań, a także prac innych osób.",http://data.europa.eu/esco/skill/14c41899-0224-4cbc-bd8c-e946ada2da87,pracować w wydajny sposób
KnowledgeSkillCompetence,http://data.europa.eu/esco/skill/d9449998-c1f5-478c-a103-2255398cf0b6,skill/competence,transversal,stosować standardy w zakresie higieny,released,,"Brać na siebie osobistą odpowiedzialność za zapewnienie bezpiecznego i niezakaźnego środowiska pracy i życia, w tym stosowania masek i środków dezynfekujących oraz ogólnej higieny osobistej.
  ",http://data.europa.eu/esco/skill/3d54fec5-d9cb-45a0-bf8d-ffaf3790a5bb,wykorzystywać umiejętności i kompetencje związane ze zdrowiem
KnowledgeSkillCompetence,http://data.europa.eu/esco/skill/db33c0f3-43ee-4ba3-ba47-9269ac837697,skill/competence,transversal,krytycznie oceniać informacje i ich źródła,released,,"Umieć krytycznie oceniać i analizować informacje i ich źródła. Mieć umiejętność korzystania z zarówno tradycyjnych, jak i nowych form mediów, a także rozumieć te różne formy oraz ich rolę i funkcję w społeczeństwach demokratycznych.
  ",http://data.europa.eu/esco/skill/d6e97b91-b75d-45f5-8566-667798957b0f,stosować umiejętności i kompetencje obywatelskie
KnowledgeSkillCompetence,http://data.europa.eu/esco/skill/dcc99418-d896-4b3b-8596-658093a17a8f,skill/competence,transversal,postępować w przypadku chorób przewlekłych,released,,"Identyfikować i stosować sposoby minimalizowania negatywnych skutków chorób przewlekłych, w tym stosować urządzenia wspomagające widzenie, słyszenie i chodzenie oraz odpowiednie leki, a także korzystać z odpowiedniego wsparcia społecznego i medycznego.
  ",http://data.europa.eu/esco/skill/3d54fec5-d9cb-45a0-bf8d-ffaf3790a5bb,wykorzystywać umiejętności i kompetencje związane ze zdrowiem
KnowledgeSkillCompetence,http://data.europa.eu/esco/skill/deb3c1bc-d48a-42e6-b0cc-cb238534ec28,skill/competence,transversal,stosować wiedzę z zakresu nauk społecznych i humanistycznych,released,,"Wykazywać zrozumienie natury, pluralizmu oraz funkcji grup społecznych i politycznych, a także ich związku ze społeczno-ekonomicznym wymiarem społeczeństwa. Rozumieć rolę i miejsce jednostek w społeczeństwie.
  ",http://data.europa.eu/esco/skill/44ff6716-7d71-4a16-821b-61d10e9e290d,stosować wiedzę ogólną
KnowledgeSkillCompetence,http://data.europa.eu/esco/skill/df5e3d02-9f0f-44ee-91c2-85c62f161868,skill/competence,transversal,"promować pomysły, produkty lub usługi",released,,"Prezentować i reklamować produkty, programy i usługi w celu przekonania do nich innych osób i wywarcia na nich wpływu.
  ",http://data.europa.eu/esco/skill/6f142deb-03a9-4cd7-94ce-e0f023ae2169,komunikować się
KnowledgeSkillCompetence,http://data.europa.eu/esco/skill/e2d44a9b-f28c-489e-9861-b654b5ded507,skill/competence,transversal,motywować innych,released,,Bezpośrednie wpływanie na zachowanie innych osób poprzez dostarczenie im przekonującego powodu do podjęcia działań.,http://data.europa.eu/esco/skill/fe5eabaa-63f6-4c44-b405-fc3ded8d56cb,przewodzić innym osobom
KnowledgeSkillCompetence,http://data.europa.eu/esco/skill/e37d64dc-0f05-4ee8-b065-bf76f70d8f5c,skill/competence,transversal,przestrzegać obowiązku zachowania poufności,released,,"Zachowywać niezbędną dyskrecję i powściągliwość w kontakcie z informacjami poufnymi, tajnymi lub nieprzyjemnymi.
  ",http://data.europa.eu/esco/skill/925af2b5-2f4d-4cce-92cc-79e1ff887c7d,kierować się kodeksem etycznego postępowania
KnowledgeSkillCompetence,http://data.europa.eu/esco/skill/e49f4158-9d4c-425d-bf32-dfe89b19840a,skill/competence,transversal,planować,released,,"Zarządzać harmonogramem i zasobami w celu terminowej realizacji zadań.
  ",http://data.europa.eu/esco/skill/66fdc34c-2326-4baa-b8ff-7a1d1015fe3a,planować i organizować
KnowledgeSkillCompetence,http://data.europa.eu/esco/skill/ef7562b2-f176-4d7c-a0b2-27ae8cce0b7d,skill/competence,transversal,reagować na zmiany fizyczne lub zagrożenia,released,,"Reagować szybko i w odpowiedni sposób na zewnętrzne lub wewnętrzne okoliczności i bodźce.
  ",http://data.europa.eu/esco/skill/e52389a2-1a05-45b0-8db3-4bda0f0c0b48,reagować na okoliczności fizyczne
KnowledgeSkillCompetence,http://data.europa.eu/esco/skill/f4346299-e22a-4686-8e61-2c9b0cd51c7d,skill/competence,transversal,stosować środki bezpieczeństwa cyfrowego,released,,"Stosować proste sposoby ochrony urządzeń i treści cyfrowych.
  ",http://data.europa.eu/esco/skill/3399045f-8078-4066-8b46-475b49b260ab,pracować z urządzeniami i aplikacjami cyfrowymi
KnowledgeSkillCompetence,http://data.europa.eu/esco/skill/f4bcdb75-df28-441d-a52b-9730904f36a1,skill/competence,transversal,wykonywać prawa i obowiązki,released,,"Znać prawa wynikające z konstytucji i przepisów, w tym obowiązek przestrzegania prawa, płacenia podatków i udzielania pomocy, jak również prawa do głosowania, prawa do bycia wybranym lub prawa do obrony w procesie sądowym, a także z tych praw korzystać.
  ",http://data.europa.eu/esco/skill/d6e97b91-b75d-45f5-8566-667798957b0f,stosować umiejętności i kompetencje obywatelskie
KnowledgeSkillCompetence,http://data.europa.eu/esco/skill/fa46a48d-9cb9-422d-afab-1047654dbcdd,skill/competence,transversal,zapamiętywać informacje,released,zapamiętywanie informacji | uczyć się informacji na pamięć | zapamiętać informacje | zapamiętać fakty | zapamiętać procedury | zasady mnemotechniki,"Przechowywać informacje, takie jak słowa, liczby, obrazy i procedury do późniejszego wyszukania.",http://data.europa.eu/esco/skill/fff1d675-c36a-4c12-9cd4-407f21ccd06a,"przetwarzać informacje, idee i koncepcje"
KnowledgeSkillCompetence,http://data.europa.eu/esco/skill/fd89f784-88dc-4d35-abd7-86aa073cab12,skill/competence,transversal,mieć otwarty umysł,released,,"Wykazywać zainteresowanie problemami innych oraz otwartość na te problemy.
  ",http://data.europa.eu/esco/skill/f5c9eef3-0495-4747-9519-d71a58d252bd,wykazywać gotowość uczenia się
